Workbook

Sheet Analysis
A1: Salary Level | B1: Count | C1: Proportion (pj) | D1: log₂(pj) | E1: -pj*log₂(pj)
A2: L1 | B2: 2 | C2: =B2/B6 -> 0.18181818 | D2: =LOG(C2,2) -> -2.4594316 | E2: =-C2*D2 -> 0.44716939
A3: L2 | B3: 3 | C3: =B3/B6 -> 0.27272727 | D3: =LOG(C3,2) -> -1.8744691 | E3: =-C3*D3 -> 0.51121885
A4: L3 | B4: 3 | C4: =B4/B6 -> 0.27272727 | D4: =LOG(C4,2) -> -1.8744691 | E4: =-C4*D4 -> 0.51121885
A5: L4 | B5: 3 | C5: =B5/B6 -> 0.27272727 | D5: =LOG(C5,2) -> -1.8744691 | E5: =-C5*D5 -> 0.51121885
A6: Total | B6: =SUM(B2:B5) -> 11 | C6: =SUM(C2:C5) -> 1 | D6: =SUM(D2:D5) -> -8.082839 | E6: =SUM(E2:E5) -> 1.9808259
A7: Initial Entropy: | B7: =E6 -> 1.9808259
A9: Occupation | B9: L1 | C9: L2 | D9: L3 | E9: L4 | F9: Total | G9: Entropy
A10: Service | B10: 1 | C10: 1 | D10: 1 | E10: 0 | F10: =SUM(B10:E10) -> 3 | G10: =-((B10/F10)*LOG(B10/F10,2)+(C10/F10)*LOG(C10/F10,2)+(D10/F10)*LOG(D10/F10,2)) -> 1.5849625
A11: Management | B11: 0 | C11: 0 | D11: 2 | E11: 2 | F11: =SUM(B11:E11) -> 4 | G11: =-((D11/F11)*LOG(D11/F11,2)+(E11/F11)*LOG(E11/F11,2)) -> 1
A12: Sales | B12: 0 | C12: 1 | D12: 1 | E12: 0 | F12: =SUM(B12:E12) -> 2 | G12: =-((C12/F12)*LOG(C12/F12,2)+(D12/F12)*LOG(D12/F12,2)) -> 1
A13: Staff | B13: 1 | C13: 1 | D13: 0 | E13: 0 | F13: =SUM(B13:E13) -> 2 | G13: =-((B13/F13)*LOG(B13/F13,2)+(C13/F13)*LOG(C13/F13,2)) -> 1
A14: Total | B14: =SUM(B10:B13) -> 2 | C14: =SUM(C10:C13) -> 3 | D14: =SUM(D10:D13) -> 4 | E14: =SUM(E10:E13) -> 2 | F14: =SUM(F10:F13) -> 11
A16: Gender | B16: L1 | C16: L2 | D16: L3 | E16: L4 | F16: Total | G16: Entropy
A17: Female | B17: 0 | C17: 1 | D17: 1 | E17: 3 | F17: =SUM(B17:E17) -> 5 | G17: =-((C17/F17)*LOG(C17/F17,2)+(D17/F17)*LOG(D17/F17,2)+(E17/F17)*LOG(E17/F17,2)) -> 1.3709506
A18: Male | B18: 2 | C18: 2 | D18: 2 | E18: 0 | F18: =SUM(B18:E18) -> 6 | G18: =-((B18/F18)*LOG(B18/F18,2)+(C18/F18)*LOG(C18/F18,2)+(D18/F18)*LOG(D18/F18,2)) -> 1.5849625
A19: Total | B19: =SUM(B17:B18) -> 2 | C19: =SUM(C17:C18) -> 3 | D19: =SUM(D17:D18) -> 3 | E19: =SUM(E17:E18) -> 3 | F19: =SUM(F17:F18) -> 11
A21: Age Group | B21: L1 | C21: L2 | D21: L3 | E21: L4 | F21: Total | G21: Entropy
A22: ≤30 | B22: 2 | C22: 0 | D22: 2 | E22: 0 | F22: =SUM(B22:E22) -> 4 | G22: =-((B22/F22)*LOG(B22/F22,2)+(D22/F22)*LOG(D22/F22,2)) -> 1
A23: ≤40 | B23: 0 | C23: 2 | D23: 0 | E23: 0 | F23: =SUM(B23:E23) -> 2 | G23: =0 -> 0
A24: ≤50 | B24: 0 | C24: 1 | D24: 1 | E24: 3 | F24: =SUM(B24:E24) -> 5 | G24: =-((C24/F24)*LOG(C24/F24,2)+(D24/F24)*LOG(D24/F24,2)+(E24/F24)*LOG(E24/F24,2)) -> 1.3709506
A25: Total | B25: =SUM(B22:B24) -> 2 | C25: =SUM(C22:C24) -> 3 | D25: =SUM(D22:D24) -> 3 | E25: =SUM(E22:E24) -> 3 | F25: =SUM(F22:F24) -> 11

Sheet Information Gain
A1: Category | B1: Count | C1: Weight | D1: Entropy | E1: Weighted Entropy
A2: Service | B2: =Analysis!F10 -> 3 | C2: =B2/B5 -> 1.5 | D2: =Analysis!G10 -> 1.5849625 | E2: =C2*D2 -> 2.3774438
A3: Management | B3: =Analysis!F11 -> 4 | C3: =B3/B5 -> 2 | D3: =Analysis!G11 -> 1 | E3: =C3*D3 -> 2
A4: Sales | B4: =Analysis!F12 -> 2 | C4: =B4/B5 -> 1 | D4: =Analysis!G12 -> 1 | E4: =C4*D4 -> 1
A5: Staff | B5: =Analysis!F13 -> 2 | C5: =B5/B5 -> 1 | D5: =Analysis!G13 -> 1 | E5: =C5*D5 -> 1
A6: Total | B6: =Analysis!F14 -> 11 | E6: =SUM(E2,E3,E4,E5) -> 6.3774438
A7: Weighted Entropy: | B7: =E6 -> 6.3774438
A8: Information Gain for Occupation: | B8: =Analysis!E7-E6 -> -6.3774438
A10: Category | B10: Count | C10: Weight | D10: Entropy | E10: Weighted Entropy
A11: Female | B11: =Analysis!F17 -> 5 | C11: =B11/B13 -> 0.45454545 | D11: =Analysis!G17 -> 1.3709506 | E11: =C11*D11 -> 0.62315936
A12: Male | B12: =Analysis!F18 -> 6 | C12: =B12/B13 -> 0.54545455 | D12: =Analysis!G18 -> 1.5849625 | E12: =C12*D12 -> 0.864525
A13: Total | B13: =Analysis!F19 -> 11 | E13: =SUM(E11,E12) -> 1.4876844
A14: Weighted Entropy: | B14: =E13 -> 1.4876844
A15: Information Gain for Gender: | B15: =Analysis!E7-E13 -> -1.4876844
A17: Category | B17: Count | C17: Weight | D17: Entropy | E17: Weighted Entropy
A18: ≤30 | B18: =Analysis!F22 -> 4 | C18: =B18/B20 -> 0.8 | D18: =Analysis!G22 -> 1 | E18: =C18*D18 -> 0.8
A19: ≤40 | B19: =Analysis!F23 -> 2 | C19: =B19/B20 -> 0.4 | D19: =Analysis!G23 -> 0 | E19: =C19*D19 -> 0
A20: ≤50 | B20: =Analysis!F24 -> 5 | C20: =B20/B20 -> 1 | D20: =Analysis!G24 -> 1.3709506 | E20: =C20*D20 -> 1.3709506
A21: Total | B21: =Analysis!F25 -> 11 | E21: =SUM(E18,E19,E20) -> 2.1709506
A22: Weighted Entropy: | B22: =E21 -> 2.1709506
A23: Information Gain for Age Group: | B23: =Analysis!E7-E21 -> -2.1709506

Sheet Final Comparison
A1: Attribute Comparison
A2: Attribute | B2: Information Gain
A3: Occupation | B3: ='Information Gain'!B8 -> -6.3774438
A4: Gender | B4: ='Information Gain'!B15 -> -1.4876844
A5: Age Group | B5: ='Information Gain'!B23 -> -2.1709506
A6: Best Split Attribute: | B6: =INDEX(A3:A5,MATCH(MAX(B3:B5),B3:B5,0)) -> Gender
