Workbook

Sheet Sheet 1
A1: Record # | B1: Class | C1: STEROID | D1: LIVER_FIRM | E1: Age_Quartile | G1: Column1 | H1: Column2 | I1: Column3 | J1: Column4 | K1: Column5 | L1: Column6
A2: 1 | B2: 2 | C2: 2 | D2: 2 | E2: Q2 | G2: Root Node Analysis
A3: 2 | B3: 1 | C3: 1 | D3: 2 | E3: Q3 | G3: Class Distribution
A4: 3 | B4: 1 | C4: 1 | D4: 1 | E4: Q4 | G4: Class 1 Count: | H4: =COUNTIF('Sheet 1'!H:H,1) -> 9
A5: 4 | B5: 2 | C5: 2 | D5: 1 | E5: Q4 | G5: Class 2 Count: | H5: =COUNTIF('Sheet 1'!H:H,2) -> 11
A6: 5 | B6: 2 | C6: 2 | D6: 1 | E6: Q3 | G6: Total Valid Samples: | H6: =H4+H5 -> 20
A7: 6 | B7: 1 | C7: 1 | D7: 1 | E7: Q3 | G7: Root Gini Impurity: | H7: =1-((H4/H6)^2+(H5/H6)^2) -> 0.495 | I7: Formula: 1-((p₁)²+(p₂)²)
A8: 7 | B8: 2 | C8: 2 | D8: 2 | E8: Q2
A9: 8 | B9: 1 | C9: 1 | D9: 1 | E9: Q2 | G9: STEROID Split Analysis | H9: Column1 | I9: Column2 | J9: Column3 | K9: Column4 | L9: Column5
A10: 9 | B10: 2 | C10: 2 | D10: 1 | E10: Q1 | G10: STEROID Value | H10: Count | I10: Class 1 | J10: Class 2 | K10: Gini | L10: Weight
A11: 10 | B11: 1 | C11: 2 | D11: 2 | E11: Q3 | G11: STEROID = 1 | H11: =COUNTIFS('Sheet 1'!I:I,1) -> 9 | I11: =COUNTIFS('Sheet 1'!I:I,1,'Sheet 1'!H:H,1) -> 7 | J11: =COUNTIFS('Sheet 1'!I:I,1,'Sheet 1'!H:H,2) -> 2 | K11: =1-((I11/H11)^2+(J11/H11)^2) -> 0.34567901 | L11: =H11/H6 -> 0.45
A12: 11 | B12: 2 | C12: 2 | D12: 2 | E12: Q4 | G12: STEROID = 2 | H12: =COUNTIFS('Sheet 1'!I:I,2) -> 11 | I12: =COUNTIFS('Sheet 1'!I:I,2,'Sheet 1'!H:H,1) -> 2 | J12: =COUNTIFS('Sheet 1'!I:I,2,'Sheet 1'!H:H,2) -> 9 | K12: =1-((I12/H12)^2+(J12/H12)^2) -> 0.29752066 | L12: =H12/H6 -> 0.55
A13: 12 | B13: 1 | C13: 1 | D13: 2 | E13: Q2 | G13: Weighted Gini: | H13: =SUMPRODUCT(K11:K12,L11:L12) -> 0.31919192
A14: 13 | B14: 1 | C14: 1 | D14: 1 | E14: Q4 | G14: Information Gain: | H14: =H7-H13 -> 0.17580808
A15: 14 | B15: 2 | C15: 2 | D15: 2 | E15: Q3
A16: 15 | B16: 2 | C16: 1 | D16: 1 | E16: Q3 | G16: LIVER_FIRM Split Analysis | H16: Column1 | I16: Column2 | J16: Column3 | K16: Column4 | L16: Column5
A17: 16 | B17: 2 | C17: 2 | D17: 1 | E17: Q1 | G17: LIVER_FIRM Value | H17: Count | I17: Class 1 | J17: Class 2 | K17: Gini | L17: Weight
A18: 17 | B18: 2 | C18: 2 | D18: 1 | E18: Q1 | G18: LIVER_FIRM = 1 | H18: =COUNTIFS('Sheet 1'!J:J,1) -> 12 | I18: =COUNTIFS('Sheet 1'!J:J,1,'Sheet 1'!H:H,1) -> 6 | J18: =COUNTIFS('Sheet 1'!J:J,1,'Sheet 1'!H:H,2) -> 6 | K18: =1-((I18/H18)^2+(J18/H18)^2) -> 0.5 | L18: =H18/H6 -> 0.6
A19: 18 | B19: 1 | C19: 1 | D19: 1 | E19: Q2 | G19: LIVER_FIRM = 2 | H19: =COUNTIFS('Sheet 1'!J:J,2) -> 8 | I19: =COUNTIFS('Sheet 1'!J:J,2,'Sheet 1'!H:H,1) -> 3 | J19: =COUNTIFS('Sheet 1'!J:J,2,'Sheet 1'!H:H,2) -> 5 | K19: =1-((I19/H19)^2+(J19/H19)^2) -> 0.46875 | L19: =H19/H6 -> 0.4
A20: 19 | B20: 1 | C20: 2 | D20: 1 | E20: Q3 | G20: Weighted Gini: | H20: =SUMPRODUCT(K18:K19,L18:L19) -> 0.4875
A21: 20 | B21: 2 | C21: 1 | D21: 2 | E21: Q1 | G21: Information Gain: | H21: =H7-H20 -> 0.0075
G23: Age_Quartile Split Analysis | H23: Column1 | I23: Column2 | J23: Column3 | K23: Column4 | L23: Column5
G24: Age_Quartile Value | H24: Count | I24: Class 1 | J24: Class 2 | K24: Gini | L24: Weight
G25: Q1 | H25: =COUNTIFS('Sheet 1'!K:K,"Q1") -> 4 | I25: =COUNTIFS('Sheet 1'!K:K,"Q1",'Sheet 1'!H:H,1) -> 0 | J25: =COUNTIFS('Sheet 1'!K:K,"Q1",'Sheet 1'!H:H,2) -> 4 | K25: =IF(H25=0,0,1-((I25/H25)^2+(J25/H25)^2)) -> 0 | L25: =H25/H6 -> 0.2
G26: Q2 | H26: =COUNTIFS('Sheet 1'!K:K,"Q2") -> 5 | I26: =COUNTIFS('Sheet 1'!K:K,"Q2",'Sheet 1'!H:H,1) -> 3 | J26: =COUNTIFS('Sheet 1'!K:K,"Q2",'Sheet 1'!H:H,2) -> 2 | K26: =IF(H26=0,0,1-((I26/H26)^2+(J26/H26)^2)) -> 0.48 | L26: =H26/H6 -> 0.25
G27: Q3 | H27: =COUNTIFS('Sheet 1'!K:K,"Q3") -> 7 | I27: =COUNTIFS('Sheet 1'!K:K,"Q3",'Sheet 1'!H:H,1) -> 4 | J27: =COUNTIFS('Sheet 1'!K:K,"Q3",'Sheet 1'!H:H,2) -> 3 | K27: =IF(H27=0,0,1-((I27/H27)^2+(J27/H27)^2)) -> 0.48979592 | L27: =H27/H6 -> 0.35
G28: Q4 | H28: =COUNTIFS('Sheet 1'!K:K,"Q4") -> 4 | I28: =COUNTIFS('Sheet 1'!K:K,"Q3",'Sheet 1'!H:H,1) -> 4 | J28: =COUNTIFS('Sheet 1'!K:K,"Q3",'Sheet 1'!H:H,2) -> 3 | K28: =IF(H28=0,0,1-((I28/H28)^2+(J28/H28)^2)) -> -0.5625 | L28: =H28/H6 -> 0.2
G29: Weighted Gini: | H29: =SUMPRODUCT(K25:K28,L25:L28) -> 0.17892857
G30: Information Gain: | H30: =H7-H29 -> 0.31607143
G32: Feature Comparison | H32: Column1 | I32: Column2 | J32: Column3
G33: Feature | H33: Weighted Gini: | I33: Information Gain: | J33: Rank
G34: STEROID | H34: =H13 -> 0.31919192 | I34: =H14 -> 0.17580808 | J34: =RANK(I34,$C$35:$C$37,0) -> 2
G35: LIVER_FIRM | H35: =H20 -> 0.4875 | I35: =H21 -> 0.0075 | J35: =RANK(I35,$C$35:$C$37,0) -> 3
G36: Age_Quartile | H36: =H29 -> 0.17892857 | I36: =H30 -> 0.31607143 | J36: =RANK(I36,$C$35:$C$37,0) -> 1
G38: Split Quality Measures | H38: Column1 | I38: Column2 | J38: Column3 | K38: Column4 | L38: Column5 | M38: Column6 | N38: Column7 | O38: Column8 | P38: Column9 | Q38: Column10 | R38: Column11
G39: Feature | H39: P(j|tL) | I39: P(j|tR) | J39: PL | K39: PR | L39: H_P = 0 (Left) | M39: H_P = 1 (Left) | N39: H_P = 0 (Right) | O39: H_P = 1 (Right) | P39: 2PLPR | Q39: q(s|t) | R39: 2PLPR*q(s|t)
G40: STEROID | H40: =(I11/H11) -> 0.77777778 | I40: =(I12/H12) -> 0.18181818 | J40: =H11/H6 -> 0.45 | K40: =H12/H6 -> 0.55 | L40: =J11/H11 -> 0.22222222 | M40: =I11/H11 -> 0.77777778 | N40: =J12/H12 -> 0.81818182 | O40: =I12/H12 -> 0.18181818 | P40: =2*J40*K40 -> 0.495 | Q40: =ABS(H40-I40) -> 0.5959596 | R40: =P40*Q40 -> 0.295
G41: LIVER_FIRM | H41: =(I18/H18) -> 0.5 | I41: =(I19/H19) -> 0.375 | J41: =H18/H6 -> 0.6 | K41: =H19/H6 -> 0.4 | L41: =J18/H18 -> 0.5 | M41: =I18/H18 -> 0.5 | N41: =J19/H19 -> 0.625 | O41: =I19/H19 -> 0.375 | P41: =2*J41*K41 -> 0.48 | Q41: =ABS(H41-I41) -> 0.125 | R41: =P41*Q41 -> 0.06
G42: Age_Quartile | H42: =I25/H25 -> 0 | I42: =(I26+I27+I28)/(H26+H27+H28) -> 0.6875 | J42: =H25/H6 -> 0.2 | K42: =(H26+H27+H28)/H6 -> 0.8 | L42: =J25/H25 -> 1 | M42: =I25/H25 -> 0 | N42: =(J26+J27+J28)/(H26+H27+H28) -> 0.5 | O42: =(I26+I27+I28)/(H26+H27+H28) -> 0.6875 | P42: =2*J42*K42 -> 0.32 | Q42: =ABS(H42-I42) -> 0.6875 | R42: =P42*Q42 -> 0.22
G44: Overall Best Split Feature: | H44: =INDEX($A$41:$A$45,MATCH(MAX($L$40:$L$43),$L$40:$L$43,0)) -> STEROID
